pnt_num,y,x,z
1,7001.618,1609.63,158
1,7071.718,1606.92,158
1,7124.205,1607.661,158
1,7175.399,1604.136,158
1,7196.609,1597.71,158
1,7204.626,1591.115,158
1,7206.463,1582.138,158
1,7203.241,1576.075,158
1,7192.47,1582.648,158
1,7171.266,1591.054,158
1,7140.859,1593.319,158
1,7084.274,1594.204,158
1,7000,1599.284,158
2,6999.891,1620.648,160
2,7065.013,1620.585,160
2,7118.985,1621.538,160
2,7177.402,1616.857,160
2,7197.929,1612.021,160
2,7207.346,1605.601,160
2,7216.619,1590.084,160
2,7219.724,1581.454,160
2,7223.022,1571.243,160
2,7219.92,1564.336,160
2,7215.004,1559.772,160
2,7204.714,1557.429,160
2,7192.338,1562.675,160
2,7177.402,1575.022,160
2,7141.452,1575.317,160
2,7084.348,1580.821,160
2,7000,1590.926,160
3,7000,1629.669,162
3,7074.142,1633.346,162
3,7084.422,1633.856,162
3,7142.046,1633.737,162
3,7179.405,1629.579,162
3,7202.381,1621.65,162
3,7214.246,1610.223,162
3,7239.159,1569.626,162
3,7255.117,1542.115,162
3,7258.633,1531.936,162
3,7259.313,1524.378,162
3,7257.096,1517.922,162
3,7246.847,1517.233,162
3,7235.292,1518.933,162
3,7221.848,1525.834,162
3,7179.405,1555.449,162
3,7142.046,1557.315,162
3,7084.422,1567.438,162
3,7000,1582.568,162
4,7000,1574.211,164
4,7084.497,1554.055,164
4,7142.639,1539.313,164
4,7191.867,1520.156,164
4,7213.372,1503.416,164
4,7232.779,1489.741,164
4,7254.488,1462.977,164
4,7264.877,1442.153,164
4,7271.175,1432.357,164
4,7275.686,1428.35,164
4,7278.815,1424.325,164
4,7284.638,1422.362,164
4,7291.21,1422.003,164
4,7295.71,1425.098,164
4,7300.904,1431.428,164
4,7304.828,1444.535,164
4,7306.462,1464.012,164
4,7307.666,1485.765,164
4,7304.809,1499.189,164
4,7299.424,1507.76,164
4,7288.932,1524.38,164
4,7280.93,1532.096,164
4,7263.973,1553.457,164
4,7248.967,1574.673,164
4,7242.208,1581.305,164
4,7231.546,1596.41,164
4,7221.145,1614.846,164
4,7206.832,1631.28,164
4,7181.408,1642.3,164
4,7142.639,1647.592,164
4,7084.497,1647.82,164
4,7000,1643.894,164
5,7000,1658.119,166
5,7084.571,1661.785,166
5,7143.233,1661.447,166
5,7183.411,1655.021,166
5,7211.9,1641.213,166
5,7232.983,1621.902,166
5,7250.31,1599.759,166
5,7265.53,1578.814,166
5,7282.094,1555.456,166
5,7295.84,1534.907,166
5,7302.633,1523.66,166
5,7310.825,1505.003,166
5,7317.262,1480.211,166
5,7320.321,1464.394,166
5,7322.951,1435.8,166
5,7320.711,1409.431,166
5,7317.908,1396.777,166
5,7309.555,1385.024,166
5,7298.663,1383.116,166
5,7291.845,1384.931,166
5,7278.649,1396.03,166
5,7259.892,1417.657,166
5,7247.962,1431.81,166
5,7226.904,1456.542,166
5,7208.172,1477.456,166
5,7196.595,1489.654,166
5,7183.869,1498.659,166
5,7165.251,1508.472,166
5,7134.139,1522.996,166
5,7082.041,1542.384,166
5,7000,1565.853,166
6,7000,1672.344,168
6,7084.645,1675.749,168
6,7143.826,1675.303,168
6,7185.414,1667.742,168
6,7216.352,1651.119,168
6,7239.882,1628.736,168
6,7258.322,1605.208,168
6,7272.214,1586.126,168
6,7287.155,1564.765,168
6,7300.027,1544.634,168
6,7306.875,1532.821,168
6,7316.877,1511.128,168
6,7326.211,1482.991,168
6,7330.781,1465.495,168
6,7334.626,1434.882,168
6,7331.157,1405.813,168
6,7326.902,1391.462,168
6,7314.336,1377.075,168
6,7297.994,1374.675,168
6,7288.231,1376.836,168
6,7271.679,1389.552,168
6,7252.339,1411.317,168
6,7240.608,1424.967,168
6,7220.218,1447.776,168
6,7199.499,1468.29,168
6,7186.384,1480.516,168
6,7169.471,1491.898,168
6,7150.048,1502.677,168
6,7123.842,1515.322,168
6,7078.582,1532.634,168
6,7000,1557.495,168
7,7000,1686.569,170
7,7084.719,1689.714,170
7,7144.42,1689.158,170
7,7187.417,1680.464,170
7,7220.803,1661.025,170
7,7246.781,1635.569,170
7,7266.334,1610.658,170
7,7278.897,1593.437,170
7,7292.216,1574.075,170
7,7304.214,1554.361,170
7,7311.116,1541.982,170
7,7322.93,1517.252,170
7,7335.16,1485.77,170
7,7341.241,1466.596,170
7,7346.301,1433.965,170
7,7341.602,1402.195,170
7,7335.895,1386.147,170
7,7319.118,1369.125,170
7,7297.325,1366.234,170
7,7284.617,1368.741,170
7,7264.708,1383.073,170
7,7244.786,1404.977,170
7,7233.253,1418.124,170
7,7213.532,1439.01,170
7,7190.825,1459.124,170
7,7176.172,1471.378,170
7,7155.073,1485.137,170
7,7134.846,1496.881,170
7,7113.546,1507.648,170
7,7075.124,1522.884,170
7,7000,1549.137,170
8,7000,1700.53,172
8,7084.32,1702.452,172
8,7141.23,1704.28,172
8,7176.65,1705.151,172
8,7196.794,1703.877,172
8,7209.031,1697.977,172
8,7221.021,1684.647,172
8,7238.143,1662.756,172
8,7258.576,1636.342,172
8,7277.12,1611.99,172
8,7286.314,1599.611,172
8,7297.369,1583.242,172
8,7308.401,1564.089,172
8,7315.358,1551.144,172
8,7328.982,1523.377,172
8,7344.109,1488.549,172
8,7351.701,1467.698,172
8,7357.977,1433.047,172
8,7352.048,1398.578,172
8,7344.889,1380.832,172
8,7323.9,1361.175,172
8,7296.657,1357.793,172
8,7281.003,1360.645,172
8,7257.737,1376.594,172
8,7237.233,1398.637,172
8,7225.898,1411.281,172
8,7206.846,1430.243,172
8,7182.152,1449.958,172
8,7165.961,1462.24,172
8,7140.675,1478.376,172
8,7119.643,1491.086,172
8,7103.25,1499.975,172
8,7071.665,1513.135,172
8,7000,1540.78,172
9,7000,1532.422,174
9,7061.289,1508.278,174
9,7092.331,1494.984,174
9,7112.374,1483.984,174
9,7136.52,1468.736,174
9,7163.288,1450.765,174
9,7178.718,1439.137,174
9,7201.712,1420.986,174
9,7218.738,1404.377,174
9,7229.68,1392.297,174
9,7250.767,1370.116,174
9,7277.389,1352.55,174
9,7304.203,1335.026,174
9,7320.316,1323.421,174
9,7328.217,1320.067,174
9,7343.214,1311.312,174
9,7361.822,1303.586,174
9,7374.167,1297.573,174
9,7384.368,1291.973,174
9,7396.255,1290.244,174
9,7406.2,1291.973,174
9,7412.794,1297.573,174
9,7415.182,1307.663,174
9,7412.794,1321.726,174
9,7406.2,1334.705,174
9,7400.08,1352.747,174
9,7393.431,1366.116,174
9,7382.845,1393.906,174
9,7369.652,1432.13,174
9,7362.16,1468.799,174
9,7353.058,1491.328,174
9,7335.035,1529.502,174
9,7319.6,1560.305,174
9,7312.588,1573.816,174
9,7302.526,1592.404,174
9,7293.763,1605.736,174
9,7285.853,1616.159,174
9,7268.975,1637.653,174
9,7248.235,1663.52,174
9,7229.914,1686.018,174
9,7215.557,1701.075,174
9,7200.696,1709.013,174
9,7178.373,1712.033,174
9,7141.74,1712.204,174
9,7084.384,1711.069,174
9,7000,1710.039,174
10,7000,1719.547,176
10,7084.448,1719.686,176
10,7142.25,1720.128,176
10,7180.095,1718.915,176
10,7204.532,1714.221,176
10,7221.562,1704.745,176
10,7237.047,1689.316,176
10,7254.526,1668.395,176
10,7274.19,1644.231,176
10,7290.508,1623.411,176
10,7298.468,1612.833,176
10,7308.375,1597.765,176
10,7319.868,1576.927,176
10,7327.556,1562.369,176
10,7343.461,1531.099,176
10,7361.424,1494.181,176
10,7371.306,1473.447,176
10,7384.782,1444.106,176
10,7394.35,1422.534,176
10,7399.01,1412.007,176
10,7405.769,1397.212,176
10,7415.608,1376.676,176
10,7436.494,1327.329,176
10,7444.691,1306.511,176
10,7457.64,1288.977,176
10,7472.444,1275.566,176
10,7475.485,1267.464,176
10,7472.493,1261.244,176
10,7467.101,1254.816,176
10,7455.893,1252.844,176
10,7440.792,1256.409,176
10,7415.349,1262.015,176
10,7396.207,1270.298,176
10,7366.264,1280.83,176
10,7338.056,1286.819,176
10,7316.366,1293.617,176
10,7306.126,1297.74,176
10,7293.551,1306.65,176
10,7276.638,1324.8,176
10,7265.123,1337.67,176
10,7242.355,1363.176,176
10,7221.927,1386.173,176
10,7211.535,1397.553,176
10,7196.946,1411.622,176
10,7176.56,1427.914,176
10,7162.451,1438.721,176
10,7134.859,1458.394,176
10,7107.036,1476.563,176
10,7081.26,1490.646,176
10,7049.229,1504.612,176
10,7000,1524.064,176
11,7000,1515.706,178
11,7037.152,1500.973,178
11,7070.046,1486.524,178
11,7101.218,1469.868,178
11,7132.153,1449.638,178
11,7160.138,1428.97,178
11,7173.32,1418.533,178
11,7191.801,1403.238,178
11,7204.34,1391.01,178
11,7213.508,1380.897,178
11,7232.066,1359.916,178
11,7254.28,1335.037,178
11,7266.464,1321.519,178
11,7285.479,1301.231,178
11,7301.107,1288.887,178
11,7313.008,1282.546,178
11,7337.342,1272.3,178
11,7368.382,1265.213,178
11,7397.257,1252.714,178
11,7427.556,1239.083,178
11,7450.127,1227.131,178
11,7469.12,1215.432,178
11,7488.257,1196.842,178
11,7514.531,1172.636,178
11,7536.468,1153.121,178
11,7561.287,1131.602,178
11,7582.184,1113.624,178
11,7594.088,1103.328,178
11,7600.675,1097.95,178
11,7608.034,1095.453,178
11,7619.295,1098.4,178
11,7627.418,1108.031,178
11,7636.182,1125.08,178
11,7632.691,1142.207,178
11,7629.548,1159.167,178
11,7622.67,1185.763,178
11,7618.653,1200.677,178
11,7607.426,1209.483,178
11,7588.89,1215.565,178
11,7563.924,1221.363,178
11,7539.907,1238.59,178
11,7505.334,1265.862,178
11,7468.605,1308.171,178
11,7437.135,1364.052,178
11,7427.767,1379.956,178
11,7412.416,1404.439,178
11,7402.828,1422.817,178
11,7397.773,1434.012,178
11,7388.661,1454.916,178
11,7376.88,1480.674,178
11,7368.099,1499.1,178
11,7351.738,1532.678,178
11,7335.967,1563.527,178
11,7327.575,1579.121,178
11,7314.32,1602.6,178
11,7302.792,1620.065,178
11,7294.597,1631.09,178
11,7278.687,1651.539,178
11,7260.291,1673.839,178
11,7243.936,1692.881,178
11,7227.494,1708.493,178
11,7208.36,1719.439,178
11,7181.817,1725.797,178
11,7142.761,1728.052,178
11,7084.512,1728.303,178
11,7000,1729.055,178
12,7000,1738.563,180
12,7084.576,1736.92,180
12,7143.271,1735.976,180
12,7183.54,1732.68,180
12,7212.187,1724.657,180
12,7233.427,1712.242,180
12,7250.826,1696.446,180
12,7266.056,1679.283,180
12,7283.184,1658.847,180
12,7298.687,1638.768,180
12,7307.116,1627.297,180
12,7320.265,1607.434,180
12,7335.283,1581.315,180
12,7344.378,1564.684,180
12,7360.016,1534.258,180
12,7374.773,1504.019,180
12,7382.454,1487.901,180
12,7392.54,1465.726,180
12,7401.196,1445.49,180
12,7406.52,1433.666,180
12,7418.055,1411.979,180
12,7436.527,1384.29,180
12,7448.685,1367.555,180
12,7471.001,1340.429,180
12,7491.345,1319.127,180
12,7501.914,1309.204,180
12,7517.033,1298.307,180
12,7536.009,1286.635,180
12,7548.948,1278.718,180
12,7576.685,1261.716,180
12,7611.479,1242.176,180
12,7631.645,1231.433,180
12,7661.595,1216.99,180
12,7683.336,1207.293,180
12,7692.598,1202.318,180
12,7699.095,1193,180
12,7700.057,1175.001,180
12,7700.861,1161.42,180
12,7706.364,1130.247,180
12,7721.209,1091.667,180
12,7731.094,1069.395,180
12,7746.418,1035.717,180
12,7749.241,1007.002,180
12,7745.757,993.209,180
12,7726.179,979.688,180
12,7697.843,977.45,180
12,7681.499,978.92,180
12,7657.738,987.064,180
12,7637.162,997.818,180
12,7626.11,1004.322,180
12,7609.031,1016.413,180
12,7589.657,1034.942,180
12,7577.879,1047.296,180
12,7557.321,1070.834,180
12,7537.204,1093.693,180
12,7526.302,1105.827,180
12,7510.277,1123.163,180
12,7493.787,1142.544,180
12,7483.934,1154.428,180
12,7466.371,1175.392,180
12,7446.812,1195.096,180
12,7434.872,1205.404,180
12,7412.499,1219.517,180
12,7383.613,1233.74,180
12,7365.914,1242.188,180
12,7336.054,1256.856,180
12,7309.651,1271.474,180
12,7296.174,1279.933,180
12,7278.101,1295.005,180
12,7258.629,1315.513,180
12,7246.805,1328.506,180
12,7226.364,1351.509,180
12,7208.671,1372.103,180
12,7199.527,1382.652,180
12,7185.966,1397.091,180
12,7167.257,1413.962,180
12,7153.974,1425.202,180
12,7126.721,1445.022,180
12,7094.148,1465.066,180
12,7058.462,1482.962,180
12,7025.028,1497.404,180
12,7000,1507.349,180
13,8000,764.229,182
13,7915.68,767.292,182
13,7858.773,775.749,182
13,7823.359,785.166,182
13,7803.144,792.385,182
13,7790.337,799.353,182
13,7776.771,809.293,182
13,7756.615,824.227,182
13,7731.46,843.238,182
13,7706.323,863.14,182
13,7692.967,874.014,182
13,7674.302,889.88,182
13,7654.693,906.113,182
13,7642.796,915.819,182
13,7621.468,933.2,182
13,7599.387,952.726,182
13,7587.04,964.395,182
13,7567.973,984.824,182
13,7548.218,1008.201,182
13,7536.994,1021.934,182
13,7519.764,1044.16,182
13,7505.548,1064.539,182
13,7498.121,1075.818,182
13,7486.545,1094.648,182
13,7470.521,1119.63,182
13,7460.032,1135.338,182
13,7440.496,1162.606,182
13,7422.781,1185.22,182
13,7413.389,1195.906,182
13,7398.695,1207.556,182
13,7377.407,1219.036,182
13,7363.031,1226.571,182
13,7334.714,1242.337,182
13,7306.293,1260.403,182
13,7291.241,1270.979,182
13,7270.722,1288.779,182
13,7250.795,1309.507,182
13,7239.33,1321.975,182
13,7220.661,1343.103,182
13,7203.834,1363.309,182
13,7193.27,1375.915,182
13,7179.951,1391.147,182
13,7161.194,1409.392,182
13,7154.569,1414.712,182
13,7131.391,1433.327,182
13,7081.118,1463.348,182
13,7000,1499.278,182
13,7000,1748.071,182
13,7084.639,1745.536,182
13,7143.781,1743.9,182
13,7185.262,1739.562,182
13,7216.015,1729.875,182
13,7239.36,1715.99,182
13,7257.715,1700.01,182
13,7271.821,1684.727,182
13,7287.681,1666.155,182
13,7302.776,1646.447,182
13,7311.44,1634.528,182
13,7326.21,1612.269,182
13,7342.991,1583.509,182
13,7352.788,1565.841,182
13,7368.293,1535.837,182
13,7381.448,1508.939,182
13,7388.028,1495.128,182
13,7396.42,1476.536,182
13,7404.62,1456.968,182
13,7410.057,1444.563,182
13,7422.459,1419.902,182
13,7441.117,1389.918,182
13,7453.397,1372.463,182
13,7477.004,1345.772,182
13,7503.163,1324.607,182
13,7517.932,1314.634,182
13,7540.194,1303.916,182
13,7560.524,1295.488,182
13,7572.037,1290.425,182
13,7592.12,1280.251,182
13,7618.483,1267.39,182
13,7635.128,1259.509,182
13,7664.943,1245.737,182
13,7693.321,1231.306,182
13,7708.192,1222.858,182
13,7728.43,1208.06,182
13,7748.305,1189.685,182
13,7760.115,1178.311,182
13,7781.118,1158.2,182
13,7803.825,1138.159,182
13,7816.801,1127.049,182
13,7837.25,1109.665,182
13,7857.278,1089.964,182
13,7870.009,1077.128,182
13,7887.559,1057.271,182
13,7908.483,1037.254,182
13,7934.533,1015.99,182
13,7965.339,982.176,182
13,8000,921.954,182
14,8000,600,184
14,7913.623,624.386,184
14,7836.5,643.672,184
14,7733.773,693.103,184
14,7715.494,703.128,184
14,7705.041,712.741,184
14,7697.751,726.127,184
14,7689.708,746.108,184
14,7677.056,772.818,184
14,7658.356,803.453,184
14,7646.535,820.654,184
14,7626.093,845.63,184
14,7608.262,866.429,184
14,7599.007,877.56,184
14,7585.235,895.537,184
14,7566.485,919.156,184
14,7554.312,934.018,184
14,7532.176,959.849,184
14,7513.84,980.967,184
14,7505.328,991.29,184
14,7496.572,1004.992,184
14,7487.766,1024.324,184
14,7481.586,1038.039,184
14,7467.15,1067.791,184
14,7448.337,1101.838,184
14,7437.222,1120.705,184
14,7419.876,1147.147,184
14,7405.273,1168.178,184
14,7397.471,1178.737,184
14,7384.636,1192.874,184
14,7366.014,1206.948,184
14,7353.374,1215.571,184
14,7327.928,1231.951,184
14,7300.368,1251.316,184
14,7285.168,1262.907,184
14,7263.201,1282.663,184
14,7242.961,1303.501,184
14,7231.856,1315.444,184
14,7214.958,1334.696,184
14,7198.997,1354.515,184
14,7188.79,1367.184,184
14,7174.158,1384.954,184
14,7155.131,1404.821,184
14,7127.284,1428.093,184
14,7079.739,1456.835,184
14,7000,1493.301,184
14,7000,1757.579,184
14,7084.703,1754.153,184
14,7144.292,1751.823,184
14,7186.984,1746.444,184
14,7219.842,1735.092,184
14,7245.292,1719.739,184
14,7264.604,1703.575,184
14,7277.586,1690.171,184
14,7292.177,1673.463,184
14,7306.866,1654.126,184
14,7315.764,1641.76,184
14,7332.155,1617.104,184
14,7350.698,1585.703,184
14,7361.199,1566.998,184
14,7376.571,1537.417,184
14,7388.122,1513.858,184
14,7393.602,1502.355,184
14,7400.299,1487.346,184
14,7408.043,1468.446,184
14,7413.594,1455.46,184
14,7426.863,1427.824,184
14,7445.707,1395.545,184
14,7458.082,1377.376,184
14,7482.791,1351.165,184
14,7514.25,1330.255,184
14,7532.934,1320.294,184
14,7562.211,1309.747,184
14,7584.894,1304.228,184
14,7595.811,1301.758,184
14,7609.911,1297.919,184
14,7628.641,1291.533,184
14,7641.823,1286.52,184
14,7670.556,1273.746,184
14,7704.346,1254.982,184
14,7723.324,1243.297,184
14,7750.43,1223.484,184
14,7771.603,1205.66,184
14,7782.471,1196.262,184
14,7799.096,1182.3,184
14,7821.649,1165.088,184
14,7836.754,1153.767,184
14,7862.96,1135.15,184
14,7885.827,1118.8,184
14,7903.937,1104.868,184
14,7934.645,1078.911,184
14,8000,1022.836,184
15,7861.654,600,186
15,7777.522,631.553,186
15,7687.762,686.291,186
15,7668.092,708.028,186
15,7647.945,731.874,186
15,7627.687,756.328,186
15,7611.059,776.645,186
15,7602.102,788.007,186
15,7591.683,802.796,186
15,7579.175,823.328,186
15,7570.792,837.267,186
15,7553.705,865.102,186
15,7535.388,892.951,186
15,7525.441,907.648,186
15,7511.662,927.616,186
15,7499.73,947.44,186
15,7493.045,959.714,186
15,7481.504,983.882,186
15,7466.891,1014.745,186
15,7457.787,1033.389,186
15,7441.702,1064.115,186
15,7426.303,1091.227,186
15,7418.09,1105.115,186
15,7406.276,1123.828,186
15,7393.749,1143.419,186
15,7385.903,1155.294,186
15,7370.519,1176.29,186
15,7351.333,1196.519,186
15,7339.423,1207.497,186
15,7317.69,1224.185,186
15,7292.816,1243.487,186
15,7278.371,1255.394,186
15,7255.59,1276.617,186
15,7235.126,1297.496,186
15,7224.381,1308.913,186
15,7209.256,1326.29,186
15,7194.16,1345.721,186
15,7184.309,1358.454,186
15,7168.365,1378.76,186
15,7149.067,1400.251,186
15,7123.178,1422.859,186
15,7078.359,1450.321,186
15,7000,1487.323,186
15,7000,1767.087,186
15,7084.767,1762.77,186
15,7144.802,1759.747,186
15,7188.707,1753.326,186
15,7223.669,1740.31,186
15,7251.225,1723.487,186
15,7271.494,1707.14,186
15,7283.351,1695.615,186
15,7296.674,1680.771,186
15,7310.955,1661.804,186
15,7320.054,1649.07,186
15,7337.822,1622.56,186
15,7357.469,1589.995,186
15,7368.263,1571.16,186
15,7383.026,1542.982,186
15,7393.411,1521.563,186
15,7398.293,1511.092,186
15,7404.561,1496.601,186
15,7412.709,1476.399,186
15,7418.613,1462.341,186
15,7432.409,1432.724,186
15,7450.831,1399.766,186
15,7462.643,1381.749,186
15,7485.711,1357.149,186
15,7515.561,1338.164,186
15,7534.348,1329.023,186
15,7568.929,1318.535,186
15,7607.323,1311.462,186
15,7628.762,1308.096,186
15,7659.199,1304.007,186
15,7680.975,1301.362,186
15,7691.298,1299.377,186
15,7704.997,1292.488,186
15,7724.326,1276.204,186
15,7737.563,1264.569,186
15,7763.969,1241.652,186
15,7788.939,1221.242,186
15,7801.753,1211.311,186
15,7818.799,1199.72,186
15,7838.079,1187.108,186
15,7850.934,1178.518,186
15,7873.918,1161.286,186
15,7898.102,1141.705,186
15,7922.754,1120.121,186
15,7954.076,1092.125,186
15,8000,1052.112,186
16,7791.004,600,188
16,7706.666,638.482,188
16,7675.716,669.496,188
16,7652.113,695.165,188
16,7632.742,717.355,188
16,7616.391,736.906,188
16,7602.327,754.404,188
16,7590.574,769.578,188
16,7575.159,789.735,188
16,7556.032,815.04,188
16,7544.407,830.432,188
16,7525.119,855.948,188
16,7509.248,876.967,188
16,7501.634,887.523,188
16,7492.807,902.473,188
16,7483.775,923.181,188
16,7477.697,937.683,188
16,7464.251,968.94,188
16,7446.692,1005.929,188
16,7436.311,1026.715,188
16,7420.295,1056.137,188
16,7407.945,1077.724,188
16,7401.883,1088.235,188
16,7393.398,1102.949,188
16,7381.198,1123.397,188
16,7372.699,1137.111,188
16,7354.986,1163.61,188
16,7335.976,1187.901,188
16,7325.172,1200.229,188
16,7307.414,1216.519,188
16,7285.264,1235.658,188
16,7271.574,1247.881,188
16,7247.978,1270.571,188
16,7227.292,1291.49,188
16,7216.906,1302.381,188
16,7203.553,1317.883,188
16,7189.323,1336.927,188
16,7179.828,1349.723,188
16,7162.571,1372.567,188
16,7143.004,1395.68,188
16,7119.071,1417.625,188
16,7076.98,1443.807,188
16,7000,1481.345,188
16,7000,1776.596,188
16,7084.831,1771.387,188
16,7145.312,1767.671,188
16,7190.429,1760.208,188
16,7227.497,1745.528,188
16,7257.157,1727.235,188
16,7278.383,1710.705,188
16,7289.116,1701.059,188
16,7301.171,1688.079,188
16,7315.045,1669.483,188
16,7324.297,1656.483,188
16,7343.12,1628.844,188
16,7362.992,1597.079,188
16,7373.534,1579.32,188
16,7387.057,1553.851,188
16,7396.854,1532.974,188
16,7401.808,1521.84,188
16,7409.331,1503.786,188
16,7419.03,1479.659,188
16,7425.603,1463.878,188
16,7439.473,1433.601,188
16,7456.665,1402.114,188
16,7467.519,1385.289,188
16,7488.67,1363.029,188
16,7516.873,1346.072,188
16,7534.968,1337.818,188
16,7569.302,1327.845,188
16,7608.333,1320.457,188
16,7630.409,1316.732,188
16,7662.714,1311.644,188
16,7687.702,1307.462,188
16,7699.936,1304.666,188
16,7716.081,1297.213,188
16,7735.193,1282.403,188
16,7747.88,1272.018,188
16,7773.769,1251.407,188
16,7803.139,1231.2,188
16,7819.632,1220.874,188
16,7843.768,1208.309,188
16,7864.419,1198.188,188
16,7877.172,1191.542,188
16,7893.172,1179.64,188
16,7914.167,1161.084,188
16,7942.695,1134.33,188
16,7973.646,1105.208,188
16,8000,1081.388,188
17,7715.508,600,190
17,7693.239,621.776,190
17,7663.671,652.701,190
17,7636.134,682.302,190
17,7617.539,702.835,190
17,7605.096,717.484,190
17,7593.595,732.164,190
17,7579.364,750.945,190
17,7561.171,775.038,190
17,7541.449,801.229,190
17,7530.45,815.84,190
17,7514.147,837.509,190
17,7499.037,857.717,190
17,7490.695,869.393,190
17,7477.637,890.352,190
17,7464.087,917.681,190
17,7456.211,934.891,190
17,7443.1,965.853,190
17,7429.634,996.542,190
17,7422.103,1012.923,190
17,7410.695,1035.507,190
17,7400.26,1055.819,190
17,7394.174,1067.606,190
17,7382.62,1089.158,190
17,7365.661,1117.139,190
17,7354.749,1134.205,190
17,7335.339,1162.268,190
17,7318.654,1184.546,190
17,7310.047,1195.3,190
17,7297.029,1209.146,190
17,7277.712,1227.829,190
17,7264.777,1240.368,190
17,7240.367,1264.525,190
17,7219.458,1285.484,190
17,7209.432,1295.85,190
17,7197.85,1309.477,190
17,7184.486,1328.133,190
17,7175.347,1340.992,190
17,7156.778,1366.374,190
17,7136.941,1391.11,190
17,7114.965,1412.391,190
17,7075.6,1437.294,190
17,7000,1475.367,190
17,7000,1786.104,190
17,7084.877,1780.03,190
17,7145.679,1775.806,190
17,7191.667,1767.803,190
17,7230.264,1752.307,190
17,7261.56,1733.256,190
17,7283.806,1716.503,190
17,7294.325,1707.491,190
17,7306.158,1694.922,190
17,7320.305,1675.713,190
17,7329.883,1662.176,190
17,7349.433,1633.806,190
17,7368.989,1603.547,190
17,7379.016,1587.206,190
17,7391.114,1564.687,190
17,7400.298,1544.386,190
17,7405.323,1532.588,190
17,7414.101,1510.972,190
17,7425.35,1482.92,190
17,7432.593,1465.414,190
17,7446.537,1434.478,190
17,7462.499,1404.463,190
17,7472.395,1388.829,190
17,7491.629,1368.909,190
17,7518.184,1353.981,190
17,7535.551,1346.616,190
17,7569.374,1337.18,190
17,7608.333,1329.536,190
17,7630.578,1325.476,190
17,7664.069,1319.354,190
17,7692.276,1313.387,190
17,7706.657,1309.594,190
17,7726.134,1301.246,190
17,7745.867,1287.795,190
17,7758.232,1278.705,190
17,7782.891,1260.828,190
17,7814.295,1241.606,190
17,7834.532,1229.819,190
17,7862.348,1217.538,190
17,7884.678,1208.548,190
17,7901.555,1199.7,190
17,7932.051,1173.024,190
17,7977.149,1129.1,190
17,8000,1106.844,190
18,7677.882,600,192
18,7620.995,663.103,192
18,7594.132,693.996,192
18,7579.341,713.177,192
18,7562.317,736.763,192
18,7543.344,763.356,192
18,7526.351,787.181,192
18,7515.615,801.997,192
18,7503.064,819.164,192
18,7488.826,838.466,192
18,7479.756,851.262,192
18,7462.468,878.232,192
18,7444.399,912.181,192
18,7434.724,932.098,192
18,7421.95,962.766,192
18,7412.577,987.154,192
18,7407.896,999.132,192
18,7401.094,1014.877,192
18,7392.576,1033.915,192
18,7386.614,1046.85,192
18,7373.033,1074.358,192
18,7354.142,1107.478,192
18,7342.625,1126.38,192
18,7323.906,1154.084,192
18,7308.63,1175.394,192
18,7300.781,1185.963,192
18,7288.622,1200.862,192
18,7270.152,1220.639,192
18,7257.723,1233.572,192
18,7234.142,1257.621,192
18,7213.727,1278.45,192
18,7203.808,1288.92,192
18,7191.83,1303.407,192
18,7177.463,1323.605,192
18,7167.723,1337.42,192
18,7148.735,1363.723,192
18,7129.841,1388.157,192
18,7110.552,1407.636,192
18,7074.182,1430.84,192
18,7000,1469.39,192
18,7000,1795.612,192
18,7084.877,1788.741,192
18,7145.679,1784.48,192
18,7191.667,1777.217,192
18,7230.327,1763.069,192
18,7262.058,1745.074,192
18,7285.486,1728.001,192
18,7298.115,1716.446,192
18,7312.397,1700.577,192
18,7328.551,1678.244,192
18,7338.898,1663.483,192
18,7358.336,1635.396,192
18,7376.192,1608.437,192
18,7385.033,1594.392,192
18,7395.237,1575.434,192
18,7403.742,1555.798,192
18,7408.838,1543.336,192
18,7418.872,1518.157,192
18,7431.671,1486.18,192
18,7439.583,1466.95,192
18,7453.601,1435.355,192
18,7468.333,1406.811,192
18,7477.27,1392.368,192
18,7494.589,1374.79,192
18,7519.496,1361.889,192
18,7536.134,1355.413,192
18,7569.447,1346.515,192
18,7608.333,1338.615,192
18,7630.748,1334.22,192
18,7665.425,1327.064,192
18,7696.851,1319.311,192
18,7713.377,1314.522,192
18,7736.186,1305.28,192
18,7756.541,1293.187,192
18,7768.285,1285.458,192
18,7789.612,1270.772,192
18,7817.345,1253.783,192
18,7835.613,1242.998,192
18,7863.874,1229.12,192
18,7889.449,1217.074,192
18,7911.45,1205.113,192
18,7942.829,1180.002,192
18,7988.413,1136.652,192
18,8000,1125.632,192
19,7636.204,600,194
19,7603.356,636.978,194
19,7576.297,669.169,194
19,7553.646,698.451,194
19,7534.34,726.066,194
19,7518.592,750.717,194
19,7506.937,770.474,194
19,7500.142,782.922,194
19,7490.377,799.397,194
19,7475.5,821.785,194
19,7465.383,836.759,194
19,7445.6,866.433,194
19,7426.775,897.73,194
19,7417.468,914.669,194
19,7407.37,938.118,194
19,7401.097,958.591,194
19,7397.809,970.216,194
19,7391.639,990.903,194
19,7382.088,1017.931,194
19,7375.401,1035.115,194
19,7361.087,1066.773,194
19,7343.465,1099.603,194
19,7333.161,1117.42,194
19,7317.041,1142.234,194
19,7302.735,1162.961,194
19,7294.827,1174.134,194
19,7281.326,1192.071,194
19,7262.562,1213.836,194
19,7250.484,1227.217,194
19,7228.647,1250.279,194
19,7209.143,1270.865,194
19,7199.2,1281.776,194
19,7185.633,1298.631,194
19,7169.23,1321.438,194
19,7158.36,1336.701,194
19,7139.447,1363.033,194
19,7122.168,1386.099,194
19,7105.968,1403.146,194
19,7072.743,1424.419,194
19,7000,1463.412,194
19,7000,1806.575,194
19,7038.449,1801.128,194
19,7071.363,1797.753,194
19,7102.264,1796.169,194
19,7134.004,1795.64,194
19,7166.751,1793.595,194
19,7200,1787.003,194
19,7230.46,1773.725,194
19,7263.123,1756.038,194
19,7289.082,1736.611,194
19,7301.904,1725.4,194
19,7318.635,1706.232,194
19,7336.797,1680.776,194
19,7347.913,1664.789,194
19,7367.24,1636.986,194
19,7383.395,1613.328,194
19,7391.051,1601.577,194
19,7399.361,1586.182,194
19,7407.186,1567.21,194
19,7412.353,1554.083,194
19,7423.642,1525.342,194
19,7437.991,1489.441,194
19,7446.573,1468.486,194
19,7460.665,1436.232,194
19,7474.167,1409.159,194
19,7482.146,1395.908,194
19,7497.548,1380.67,194
19,7520.807,1369.798,194
19,7536.717,1364.211,194
19,7569.52,1355.849,194
19,7608.333,1347.693,194
19,7630.917,1342.965,194
19,7666.78,1334.774,194
19,7701.425,1325.235,194
19,7720.098,1319.45,194
19,7746.239,1309.313,194
19,7767.214,1298.579,194
19,7778.338,1292.21,194
19,7796.332,1280.717,194
19,7820.395,1265.959,194
19,7836.693,1256.176,194
19,7865.401,1240.703,194
19,7894.22,1225.6,194
19,7921.345,1210.526,194
19,7953.608,1186.98,194
19,8000,1144.42,194
20,7596.362,600,196
20,7534.03,673.181,196
20,7507.182,707.763,196
20,7497.114,726.306,196
20,7488.128,747.308,196
20,7476.556,773.022,196
20,7461.735,801.637,196
20,7444.522,829.01,196
20,7425.557,857.892,196
20,7410.599,879.425,196
20,7403.813,889.837,196
20,7397.449,904.02,196
20,7392.674,923.883,196
20,7389.433,938.084,196
20,7381.346,969.691,196
20,7369.232,1008.333,196
20,7361.425,1030.652,196
20,7347.035,1064.662,196
20,7331.806,1094.274,196
20,7323.26,1109.592,196
20,7310.122,1130.525,196
20,7296.841,1150.529,196
20,7288.874,1162.305,196
20,7274.031,1183.281,196
20,7254.971,1207.033,196
20,7243.246,1220.862,196
20,7223.152,1242.938,196
20,7204.56,1263.279,196
20,7194.592,1274.632,196
20,7179.435,1293.855,196
20,7160.996,1319.27,196
20,7148.998,1335.983,196
20,7130.159,1362.343,196
20,7114.495,1384.041,196
20,7101.385,1398.656,196
20,7071.304,1417.999,196
20,7000,1457.434,196
20,7000,1818.785,196
20,7062.56,1811.205,196
20,7084.38,1808.561,196
20,7141.705,1805.901,196
20,7178.255,1806.04,196
20,7200.444,1804.864,196
20,7215.225,1800.854,196
20,7229.687,1793.139,196
20,7248.691,1781.319,196
20,7271.969,1765.123,196
20,7294.857,1745.744,196
20,7307.112,1733.909,196
20,7324.832,1712.165,196
20,7344.292,1684.448,196
20,7355.847,1667.713,196
20,7374.682,1640.622,196
20,7389.486,1619.328,196
20,7396.359,1608.988,196
20,7403.789,1595.194,196
20,7411.623,1575.76,196
20,7417.054,1561.758,196
20,7429.326,1530.289,196
20,7444.738,1491.667,196
20,7453.753,1469.562,196
20,7467.752,1437.052,196
20,7480.001,1411.508,196
20,7487.022,1399.448,196
20,7500.507,1386.55,196
20,7522.119,1377.707,196
20,7537.3,1373.008,196
20,7569.593,1365.184,196
20,7608.333,1356.772,196
20,7631.086,1351.709,196
20,7668.136,1342.484,196
20,7706,1331.159,196
20,7726.818,1324.378,196
20,7756.291,1313.347,196
20,7777.888,1303.971,196
20,7788.39,1298.963,196
20,7803.053,1290.662,196
20,7823.444,1278.135,196
20,7837.773,1269.354,196
20,7866.927,1252.285,196
20,7898.991,1234.126,196
20,7931.24,1215.939,196
20,7964.386,1193.958,196
20,8000,1163.208,196
21,7568.66,600,198
21,7518.14,657.967,198
21,7494.206,689.281,198
21,7482.317,710.903,198
21,7470.499,736.31,198
21,7457.042,765.042,198
21,7442.804,793.153,198
21,7429.677,815.158,198
21,7415.264,838.851,198
21,7403.021,859.369,198
21,7396.8,870.949,198
21,7388.617,891.393,198
21,7381.058,918.153,198
21,7376.438,935.537,198
21,7367.181,969.373,198
21,7354.536,1008.333,198
21,7346.631,1030.455,198
21,7332.881,1063.083,198
21,7320.147,1088.946,198
21,7313.36,1101.765,198
21,7303.203,1118.816,198
21,7290.946,1138.097,198
21,7282.921,1150.476,198
21,7266.736,1174.49,198
21,7247.381,1200.23,198
21,7236.008,1214.507,198
21,7217.657,1235.597,198
21,7199.976,1255.694,198
21,7190.047,1267.405,198
21,7173.743,1288.419,198
21,7154.468,1314.875,198
21,7142.074,1332.042,198
21,7124.094,1357.158,198
21,7109.03,1378.136,198
21,7095.823,1393.447,198
21,7066.769,1413.447,198
21,7000,1451.457,198
21,7000,1830.995,198
21,7073.664,1821.751,198
21,7084.53,1820.387,198
21,7142.909,1816.952,198
21,7182.317,1815.556,198
21,7209.471,1812,198
21,7229.216,1805.833,198
21,7245.936,1797.54,198
21,7262.174,1787.729,198
21,7281.667,1773.572,198
21,7301.438,1754.605,198
21,7312.619,1742.387,198
21,7330.594,1718.808,198
21,7350.171,1690.573,198
21,7361.459,1674.117,198
21,7378.982,1648.658,198
21,7393.184,1627.711,198
21,7400.14,1616.883,198
21,7408.871,1600.472,198
21,7418.199,1578.156,198
21,7424.303,1562.822,198
21,7436.974,1530.422,198
21,7452.405,1491.667,198
21,7461.341,1469.649,198
21,7474.891,1437.747,198
21,7485.836,1413.856,198
21,7491.898,1402.988,198
21,7503.467,1392.431,198
21,7523.43,1385.615,198
21,7537.883,1381.806,198
21,7569.666,1374.519,198
21,7608.333,1365.85,198
21,7631.173,1360.49,198
21,7668.827,1350.487,198
21,7708.333,1338.073,198
21,7730.318,1330.685,198
21,7761.991,1318.951,198
21,7785.262,1309.633,198
21,7796.351,1304.895,198
21,7810.719,1297.581,198
21,7829.499,1286.214,198
21,7842.839,1278.047,198
21,7871.255,1260.872,198
21,7905.047,1241.293,198
21,7941.516,1220.949,198
21,7975.213,1200.885,198
21,8000,1181.996,198
22,7540.959,600,200
22,7507.287,640.432,200
22,7484.533,673.184,200
22,7467.213,703.142,200
22,7450.958,733.799,200
22,7435.846,763.057,200
22,7423.068,787.423,200
22,7414.474,802.531,200
22,7404.925,819.962,200
22,7395.443,839.314,200
22,7389.787,852.061,200
22,7379.784,878.766,200
22,7369.442,912.423,200
22,7363.442,932.99,200
22,7353.016,969.054,200
22,7339.841,1008.333,200
22,7331.838,1030.257,200
22,7318.727,1061.504,200
22,7308.487,1083.618,200
22,7303.459,1093.937,200
22,7296.284,1107.108,200
22,7285.051,1125.665,200
22,7276.968,1138.647,200
22,7259.44,1165.699,200
22,7239.79,1193.427,200
22,7228.77,1208.153,200
22,7212.163,1228.255,200
22,7195.393,1248.108,200
22,7185.535,1260.135,200
22,7168.316,1282.637,200
22,7148.834,1309.314,200
22,7136.429,1326.413,200
22,7119.716,1349.618,200
22,7104.721,1370.215,200
22,7089.75,1387.862,200
22,7060.613,1409.873,200
22,7000,1445.479,200
22,7000,1843.205,200
22,7084.681,1832.213,200
22,7144.112,1828.004,200
22,7186.379,1825.072,200
22,7218.498,1819.136,200
22,7243.208,1810.812,200
22,7262.184,1801.941,200
22,7275.657,1794.139,200
22,7291.365,1782.021,200
22,7308.02,1763.466,200
22,7318.126,1750.866,200
22,7336.357,1725.452,200
22,7356.05,1696.698,200
22,7367.071,1680.521,200
22,7383.282,1656.694,200
22,7396.883,1636.095,200
22,7403.921,1624.779,200
22,7413.953,1605.751,200
22,7424.774,1580.551,200
22,7431.553,1563.887,200
22,7444.622,1530.555,200
22,7460.071,1491.667,200
22,7468.929,1469.736,200
22,7482.03,1438.443,200
22,7491.67,1416.204,200
22,7496.774,1406.528,200
22,7506.426,1398.311,200
22,7524.742,1393.524,200
22,7538.466,1390.604,200
22,7569.739,1383.854,200
22,7608.333,1374.929,200
22,7631.173,1369.309,200
22,7668.827,1358.796,200
22,7708.333,1346.017,200
22,7730.464,1338.427,200
22,7763.157,1326.191,200
22,7789.198,1315.577,200
22,7804.604,1309.003,200
22,7819.678,1301.226,200
22,7838.685,1290.026,200
22,7868.527,1272.061,200
22,7912.807,1246.961,200
22,7918.854,1243.533,200
22,7987.662,1207.067,200
22,8000,1200.528,200
23,7513.257,600,202
23,7496.477,622.836,202
23,7475.212,656.594,202
23,7453.299,693.719,202
23,7434.019,727.654,202
23,7418.425,755.832,202
23,7407.008,776.684,202
23,7400.815,788.039,202
23,7393.656,802.818,202
23,7385.284,823.338,202
23,7379.752,837.841,202
23,7368.644,869.661,202
23,7356.75,908.333,202
23,7350.106,930.904,202
23,7339.903,966.675,202
23,7328.895,1001.069,202
23,7322.428,1019.575,202
23,7311.809,1045.457,202
23,7302.183,1066.384,202
23,7296.811,1077.556,202
23,7287.413,1095.81,202
23,7273.734,1120.157,202
23,7264.664,1135.748,202
23,7247.295,1164.048,202
23,7229.936,1189.986,202
23,7220.526,1203.292,202
23,7206.542,1221.101,202
23,7190.809,1240.523,202
23,7181.024,1252.866,202
23,7162.889,1276.855,202
23,7143.199,1303.752,202
23,7130.784,1320.784,202
23,7115.339,1342.078,202
23,7100.413,1362.295,202
23,7083.676,1382.276,202
23,7054.457,1406.3,202
23,7000,1439.501,202
23,7000,1855.415,202
23,7084.831,1844.039,202
23,7145.316,1839.056,202
23,7190.442,1834.588,202
23,7227.524,1826.272,202
23,7257.2,1815.791,202
23,7278.433,1806.341,202
23,7289.14,1800.549,202
23,7301.064,1790.47,202
23,7314.602,1772.328,202
23,7323.633,1759.344,202
23,7342.119,1732.096,202
23,7361.929,1702.822,202
23,7372.682,1686.925,202
23,7387.582,1664.731,202
23,7400.581,1644.478,202
23,7407.702,1632.674,202
23,7419.035,1611.029,202
23,7431.35,1582.946,202
23,7438.744,1565.08,202
23,7451.802,1531.719,202
23,7466.157,1495.144,202
23,7474.563,1474.861,202
23,7488.634,1446.221,202
23,7503.732,1424.78,202
23,7512.744,1414.939,202
23,7528.852,1405.155,202
23,7548.135,1399.35,202
23,7560.368,1396.287,202
23,7584.319,1390.547,202
23,7614.943,1382.75,202
23,7634.111,1377.57,202
23,7669.194,1367.035,202
23,7708.333,1353.962,202
23,7730.61,1346.169,202
23,7764.324,1333.431,202
23,7793.135,1321.521,202
23,7810.387,1314.098,202
23,7828.329,1304.995,202
23,7847.87,1293.837,202
23,7874.748,1278.041,202
23,7920.944,1252.904,202
23,7993.747,1216.334,202
23,8000,1213.193,202
24,7486.209,600,204
24,7442.161,678.312,204
24,7417.179,723.037,204
24,7402.596,748.859,204
24,7391.095,768.591,204
24,7380.769,787.553,204
24,7371.063,809.198,204
24,7362.184,835.261,204
24,7351.752,869.338,204
24,7341.373,908.333,204
24,7335.585,930.62,204
24,7326.703,964.401,204
24,7318.162,993.395,204
24,7313.323,1008.3,204
24,7305.299,1028.592,204
24,7296.182,1048.477,204
24,7290.347,1060.691,204
24,7278.431,1084.535,204
24,7262.109,1115.041,204
24,7252,1133.354,204
24,7234.875,1162.8,204
24,7219.954,1186.735,204
24,7212.224,1198.516,204
24,7200.914,1213.957,204
24,7186.225,1232.937,204
24,7176.512,1245.596,204
24,7157.461,1271.073,204
24,7137.564,1298.19,204
24,7125.138,1315.154,204
24,7110.962,1334.539,204
24,7096.104,1354.374,204
24,7077.602,1376.691,204
24,7048.301,1402.727,204
24,7000,1433.524,204
24,7000,1867.626,204
24,7084.877,1855.929,204
24,7145.679,1850.615,204
24,7191.667,1845.817,204
24,7230.295,1837.148,204
24,7261.804,1826.144,204
24,7284.629,1815.823,204
24,7296.126,1808.707,204
24,7308.779,1796.865,204
24,7322.88,1776.712,204
24,7332.149,1762.755,204
24,7350.579,1734.938,204
24,7369.104,1707.179,204
24,7378.87,1692.542,204
24,7391.953,1672.669,204
24,7404.279,1652.862,204
24,7411.483,1640.57,204
24,7424.117,1616.308,204
24,7437.926,1585.341,204
24,7445.921,1566.305,204
24,7458.867,1533.134,204
24,7471.855,1499.473,204
24,7479.718,1481.222,204
24,7495.107,1455.735,204
24,7517.32,1434.882,204
24,7531.433,1424.542,204
24,7556.05,1412.235,204
24,7576.94,1404.665,204
24,7587.497,1401.207,204
24,7602.456,1396.592,204
24,7623.173,1390.263,204
24,7637.768,1385.693,204
24,7669.652,1375.256,204
24,7708.333,1361.906,204
24,7730.756,1353.911,204
24,7765.49,1340.671,204
24,7797.071,1327.466,204
24,7816.171,1319.193,204
24,7836.98,1308.764,204
24,7857.055,1297.649,204
24,7880.969,1284.021,204
24,7923.034,1262.275,204
24,7996.851,1227.348,204
24,8000,1225.858,204
25,7459.762,600,206
25,7423.582,673.688,206
25,7405.351,709.273,206
25,7394.14,728.536,206
25,7381.26,749.451,206
25,7366.961,774.758,206
25,7353.731,803.391,206
25,7344.616,832.68,206
25,7334.859,869.016,206
25,7325.995,908.333,206
25,7321.064,930.335,206
25,7313.503,962.127,206
25,7307.429,985.72,206
25,7304.217,997.025,206
25,7298.789,1011.727,206
25,7290.18,1030.57,206
25,7283.883,1043.826,206
25,7269.449,1073.26,206
25,7250.485,1109.925,206
25,7239.337,1130.96,206
25,7222.456,1161.553,206
25,7209.972,1183.484,206
25,7203.923,1193.74,206
25,7195.287,1206.813,206
25,7181.642,1225.352,206
25,7172,1238.326,206
25,7152.034,1265.292,206
25,7131.929,1292.628,206
25,7119.493,1309.525,206
25,7106.585,1326.999,206
25,7091.796,1346.454,206
25,7071.528,1371.105,206
25,7042.144,1399.154,206
25,7000,1427.546,206
25,7000,1879.836,206
25,7084.877,1867.846,206
25,7145.679,1862.394,206
25,7191.667,1857.785,206
25,7230.364,1849.639,206
25,7262.353,1838.819,206
25,7286.483,1827.5,206
25,7300.306,1817.62,206
25,7315.639,1802.372,206
25,7331.89,1779.164,206
25,7341.963,1763.978,206
25,7360.202,1736.139,206
25,7376.837,1710.772,206
25,7385.306,1697.821,206
25,7396.356,1680.564,206
25,7407.977,1661.245,206
25,7415.264,1648.465,206
25,7429.199,1621.586,206
25,7444.501,1587.737,206
25,7453.097,1567.53,206
25,7465.933,1534.55,206
25,7477.554,1503.803,206
25,7484.517,1487.657,206
25,7498.735,1465.843,206
25,7521.304,1446.988,206
25,7536.177,1437.021,206
25,7563.458,1423.159,206
25,7587.78,1412.767,206
25,7600.052,1407.754,206
25,7616.254,1401.428,206
25,7635.376,1394.702,206
25,7648.352,1390.257,206
25,7676.286,1380.775,206
25,7711.298,1368.591,206
25,7732.219,1361.093,206
25,7766.821,1347.842,206
25,7801.008,1333.41,206
25,7821.954,1324.288,206
25,7845.631,1312.533,206
25,7866.241,1301.461,206
25,7887.189,1290.002,206
25,7925.124,1271.646,206
25,7957.546,1257.304,206
25,8000,1238.523,206
26,7433.315,600,208
26,7408.076,656.967,208
26,7393.591,688.363,208
26,7381.76,710.461,208
26,7366.468,736.433,208
26,7349.524,767.054,208
26,7334.72,800,208
26,7326.394,830.817,208
26,7318.613,865.977,208
26,7313.112,898.715,208
26,7310.109,916.116,208
26,7304.989,940.283,208
26,7299.829,960.891,208
26,7296.646,972.382,208
26,7290.039,992.351,208
26,7279.571,1018.588,208
26,7272.368,1035.508,208
26,7257.531,1067.62,208
26,7240.172,1102.337,208
26,7230.332,1121.437,208
26,7215.928,1148.242,208
26,7204.44,1169.341,208
26,7198.343,1180.34,208
26,7188.09,1197.671,208
26,7172.621,1221.002,208
26,7162.281,1236.092,208
26,7142.626,1263.842,208
26,7124.436,1289.133,208
26,7113.297,1304.509,208
26,7102.139,1319.536,208
26,7087.487,1338.533,208
26,7065.454,1365.52,208
26,7035.988,1395.581,208
26,7000,1421.568,208
26,7000,1892.046,208
26,7084.877,1879.763,208
26,7145.679,1874.172,208
26,7191.667,1869.753,208
26,7230.432,1862.129,208
26,7262.902,1851.493,208
26,7288.338,1839.176,208
26,7304.487,1826.532,208
26,7322.499,1807.879,208
26,7340.901,1781.616,208
26,7351.778,1765.201,208
26,7369.826,1737.34,208
26,7384.571,1714.365,208
26,7391.741,1703.099,208
26,7400.759,1688.46,208
26,7411.676,1669.629,208
26,7419.046,1656.361,208
26,7434.281,1626.865,208
26,7451.077,1590.132,208
26,7460.274,1568.755,208
26,7472.998,1535.966,208
26,7483.253,1508.132,208
26,7489.215,1494.112,208
26,7501.551,1476.12,208
26,7522.548,1459.666,208
26,7536.941,1450.319,208
26,7565.221,1435.18,208
26,7593.496,1421.663,208
26,7608.448,1414.766,208
26,7628.813,1405.919,208
26,7648.712,1398.264,208
26,7660.912,1393.806,208
26,7684.683,1385.524,208
26,7715.108,1374.916,208
26,7734.058,1368.116,208
26,7768.199,1354.992,208
26,7804.944,1339.354,208
26,7827.737,1329.383,208
26,7854.281,1316.302,208
26,7875.426,1305.272,208
26,7893.41,1295.982,208
26,7927.213,1281.017,208
26,7977.548,1260.389,208
26,8000,1251.188,208
27,7406.867,600,210
27,7396.886,623.259,210
27,7381.928,657.418,210
27,7363.869,695.541,210
27,7344.717,732.012,210
27,7326.994,766.502,210
27,7313.351,800,210
27,7307.166,830.3,210
27,7302.569,861.841,210
27,7301.356,884.755,210
27,7300.764,895.607,210
27,7298.591,909.605,210
27,7293.645,928.317,210
27,7289.768,941.704,210
27,7280.278,971.841,210
27,7266.882,1009.281,210
27,7258.526,1031.139,210
27,7243.916,1065.24,210
27,7229.2,1096.048,210
27,7221.184,1112.198,210
27,7209.646,1134.422,210
27,7199.124,1154.668,210
27,7192.896,1166.521,210
27,7180.817,1188.433,210
27,7163.385,1216.81,210
27,7152.309,1234.103,210
27,7133.024,1262.603,210
27,7116.852,1285.739,210
27,7107.074,1299.522,210
27,7097.689,1312.076,210
27,7083.179,1330.613,210
27,7059.38,1359.934,210
27,7029.832,1392.007,210
27,7000,1415.59,210
27,7000,1905.067,210
27,7027.761,1899.629,210
27,7061.551,1894.227,210
27,7097.534,1890.025,210
27,7132.603,1887.654,210
27,7166.575,1885.598,210
27,7200,1881.805,210
27,7230.628,1874.452,210
27,7264.468,1862.823,210
27,7293.621,1846.318,210
27,7308.633,1835.504,210
27,7329.09,1813.857,210
27,7349.006,1785.658,210
27,7360.294,1768.712,210
27,7377.712,1741.653,210
27,7391.041,1720.377,210
27,7397.435,1709.976,210
27,7405.696,1695.855,210
27,7416.751,1676.06,210
27,7424.423,1661.891,210
27,7440.576,1630.306,210
27,7458.218,1591.667,210
27,7467.702,1569.597,210
27,7480.095,1537.334,210
27,7488.952,1512.461,210
27,7493.913,1500.568,210
27,7504.366,1486.397,210
27,7523.792,1472.343,210
27,7537.705,1463.617,210
27,7566.983,1447.201,210
27,7599.211,1430.56,210
27,7616.845,1421.777,210
27,7641.373,1410.41,210
27,7662.048,1401.826,210
27,7673.472,1397.354,210
27,7693.08,1390.272,210
27,7718.918,1381.241,210
27,7735.877,1375.156,210
27,7769.415,1362.29,210
27,7808.333,1345.797,210
27,7832.759,1335.198,210
27,7862.073,1321.066,210
27,7884.495,1309.905,210
27,7901.175,1302.04,210
27,7931.638,1289.878,210
27,8000,1263.852,210
28,7384.441,600,212
28,7348.338,679.837,212
28,7323.746,727.576,212
28,7307.363,755.562,212
28,7296.249,774.903,212
28,7288.903,791.773,212
28,7284.182,811.113,212
28,7281.349,836.112,212
28,7277.776,869.445,212
28,7273.244,908.333,212
28,7269.976,931.173,212
28,7262.114,968.827,212
28,7250.405,1008.333,212
28,7243,1030.485,212
28,7230.092,1063.324,212
28,7218.229,1089.76,212
28,7212.036,1102.959,212
28,7203.365,1120.603,212
28,7193.809,1139.994,212
28,7187.474,1152.656,212
28,7173.753,1178.828,212
28,7154.852,1211.381,212
28,7143.335,1230.334,212
28,7124.688,1258.94,212
28,7109.965,1280.447,212
28,7101.079,1293.147,212
28,7092.205,1304.958,212
28,7077.134,1324.175,212
28,7051.951,1355.667,212
28,7023.191,1388.929,212
28,7000,1409.613,212
28,7000,1919.605,212
28,7065.79,1905.585,212
28,7096.463,1900.02,212
28,7114.366,1898.835,212
28,7137.59,1898.435,212
28,7167.199,1897.132,212
28,7200,1893.716,212
28,7230.731,1886.898,212
28,7265.292,1875.134,212
28,7296.403,1856.769,212
28,7312.72,1844.58,212
28,7335.203,1820.675,212
28,7355.497,1792.536,212
28,7366.495,1776.305,212
28,7382.499,1751.516,212
28,7395.257,1730.706,212
28,7401.804,1719.703,212
28,7411.588,1702.358,212
28,7424.281,1679.011,212
28,7432.647,1663.209,212
28,7449.019,1630.522,212
28,7466.315,1591.842,212
28,7475.504,1570.01,212
28,7487.165,1538.965,212
28,7494.646,1517.075,212
28,7498.67,1507.226,212
28,7507.368,1496.659,212
28,7525.281,1484.848,212
28,7538.718,1476.694,212
28,7568.92,1459.046,212
28,7605.007,1439.374,212
28,7625.277,1428.752,212
28,7653.938,1414.897,212
28,7675.384,1405.388,212
28,7686.032,1400.902,212
28,7701.476,1395.02,212
28,7722.729,1387.566,212
28,7737.571,1382.312,212
28,7769.627,1370.502,212
28,7808.333,1355.327,212
28,7833.068,1345.47,212
28,7864.547,1331.984,212
28,7892.847,1319.619,212
28,7918.498,1308.574,212
28,7950.507,1295.584,212
28,8000,1276.517,212
29,7363.425,600,214
29,7328.301,674.67,214
29,7309.368,712.196,214
29,7297.794,732.852,214
29,7286.491,753.515,214
29,7275.326,777.475,214
29,7265.909,804.624,214
29,7260.327,833.228,214
29,7254.973,869.084,214
29,7251.066,908.333,214
29,7248.646,931.173,214
29,7242.989,968.827,214
29,7233.498,1008.333,214
29,7227.283,1030.252,214
29,7216.243,1061.461,214
29,7207.258,1083.471,214
29,7202.889,1093.721,214
29,7197.084,1106.784,214
29,7188.494,1125.321,214
29,7182.116,1138.68,214
29,7167.195,1168.331,214
29,7148.03,1202.943,214
29,7136.79,1222.234,214
29,7119.432,1249.378,214
29,7104.772,1270.542,214
29,7095.636,1283.399,214
29,7084.205,1298.669,214
29,7066.866,1321.345,214
29,7041.228,1354.607,214
29,7015.372,1387.053,214
29,7000,1403.635,214
29,7000,1934.144,214
29,7084.534,1918.761,214
29,7142.942,1912.538,214
29,7182.43,1910.234,214
29,7209.72,1907.532,214
29,7229.603,1903.803,214
29,7246.385,1899.341,214
29,7262.732,1894.039,214
29,7283.415,1883.821,214
29,7306.615,1865.567,214
29,7320.109,1852.922,214
29,7341.729,1827.402,214
29,7361.987,1799.415,214
29,7372.695,1783.898,214
29,7387.285,1761.38,214
29,7399.474,1741.034,214
29,7406.173,1729.431,214
29,7417.48,1708.861,214
29,7431.811,1681.962,214
29,7440.803,1664.747,214
29,7456.925,1632.494,214
29,7472.599,1597.944,214
29,7480.795,1578.976,214
29,7491.462,1552.376,214
29,7500.189,1531.314,214
29,7505.434,1520.733,214
29,7516.666,1506.388,214
29,7535.074,1491.492,214
29,7548.068,1482.323,214
29,7576.096,1465.22,214
29,7611.212,1446.355,214
29,7631.613,1435.881,214
29,7662.277,1421.142,214
29,7685.688,1410.472,214
29,7696.978,1405.491,214
29,7711.656,1399.558,214
29,7730.495,1392.8,214
29,7743.755,1388.117,214
29,7773.213,1377.656,214
29,7809.903,1364.36,214
29,7833.843,1355.595,214
29,7867.08,1342.885,214
29,7901.199,1329.333,214
29,7935.821,1315.109,214
29,7969.376,1301.29,214
29,8000,1289.182,214
30,7342.409,600,216
30,7311.004,663.948,216
30,7295.056,694.772,216
30,7284.736,713.551,216
30,7272.323,737.348,216
30,7258.521,767.169,216
30,7246.142,800,216
30,7238.64,831.173,216
30,7232.086,868.827,216
30,7228.887,908.333,216
30,7227.447,930.837,216
30,7224.903,966.142,216
30,7220.1,999.272,216
30,7216.564,1016.935,216
30,7208.843,1041.508,216
30,7200.212,1062.191,216
30,7195.191,1073.607,216
30,7186.592,1093.17,216
30,7175.574,1118.959,216
30,7168.433,1135.535,216
30,7154.507,1166.535,216
30,7138.367,1198.606,216
30,7127.974,1218.426,216
30,7113.892,1240.353,216
30,7099.579,1260.637,216
30,7082.957,1283.144,216
30,7053.837,1321.849,216
30,7000,1393.251,216
30,7000,1948.682,216
30,7084.846,1933.038,216
30,7145.432,1926.003,216
30,7190.832,1921.894,216
30,7228.393,1916.28,216
30,7258.546,1909.737,216
30,7279.996,1904.095,216
30,7290.533,1900.466,216
30,7302.757,1892.031,216
30,7317.799,1874.148,216
30,7327.93,1861.168,216
30,7348.309,1834.116,216
30,7368.478,1806.293,216
30,7378.896,1791.49,216
30,7392.072,1771.243,216
30,7403.691,1751.362,216
30,7410.542,1739.158,216
30,7423.372,1715.364,216
30,7439.341,1684.913,216
30,7448.959,1666.284,216
30,7464.831,1634.466,216
30,7478.884,1604.047,216
30,7486.087,1587.942,216
30,7495.759,1565.787,216
30,7505.732,1545.554,216
30,7512.199,1534.239,216
30,7525.964,1516.117,216
30,7544.868,1498.137,216
30,7557.292,1488.004,216
30,7582.262,1471.82,216
30,7614.01,1454.771,216
30,7633.073,1445.074,216
30,7664.16,1430.212,216
30,7691.518,1417.801,216
30,7705.543,1411.614,216
30,7724.468,1403.785,216
30,7744.098,1396.424,216
30,7757.375,1391.597,216
30,7781.879,1383.206,216
30,7813.79,1372.66,216
30,7855.938,1358.672,216
30,7888.999,1346.576,216
30,7915.326,1336.943,216
30,7983.18,1309.277,216
30,8000,1302.419,216
31,7321.393,600,218
31,7300.506,639.446,218
31,7280.911,672.279,218
31,7263.023,702.706,218
31,7247.218,734.135,218
31,7233.71,766.767,218
31,7222.669,800,218
31,7215.307,831.173,218
31,7208.994,868.827,218
31,7206.709,908.333,218
31,7206.25,930.494,218
31,7206.841,963.398,218
31,7206.781,990.008,218
31,7205.956,1003.325,218
31,7201.588,1021.15,218
31,7193.255,1040.575,218
31,7187.526,1053.249,218
31,7176.006,1079.56,218
31,7162.483,1112.783,218
31,7154.562,1132.633,218
31,7141.681,1164.934,218
31,7128.641,1194.361,218
31,7120.279,1212.189,218
31,7108.492,1231.024,218
31,7094.386,1250.731,218
31,7075.651,1275.798,218
31,7046.435,1314.493,218
31,7000,1376.031,218
31,7000,1963.22,218
31,7084.877,1947.401,218
31,7145.679,1940.16,218
31,7191.667,1935.891,218
31,7230.341,1930.139,218
31,7262.174,1923.066,218
31,7285.877,1915.989,218
31,7298.992,1909.729,218
31,7313.805,1898.111,218
31,7330.319,1877.337,218
31,7340.774,1863.173,218
31,7360.074,1836.094,218
31,7377.513,1810.963,218
31,7386.227,1798.101,218
31,7397,1780.984,218
31,7407.907,1761.691,218
31,7414.912,1748.885,218
31,7429.264,1721.867,218
31,7446.871,1687.864,218
31,7457.115,1667.822,218
31,7472.737,1636.438,218
31,7485.169,1610.15,218
31,7491.378,1596.907,218
31,7500.055,1579.198,218
31,7511.275,1559.794,218
31,7518.963,1547.745,218
31,7535.263,1525.846,218
31,7554.661,1504.781,218
31,7566.515,1493.686,218
31,7588.429,1478.419,218
31,7616.808,1463.186,218
31,7634.533,1454.268,218
31,7666.043,1439.281,218
31,7697.348,1425.13,218
31,7714.108,1417.738,218
31,7737.28,1408.013,218
31,7757.701,1400.048,218
31,7770.763,1395.173,218
31,7790.516,1388.767,218
31,7817.677,1380.96,218
31,7857.089,1369.917,218
31,7901.759,1355.468,218
31,7915.47,1351.033,218
31,7991.465,1322.242,218
31,8000,1319.009,218
32,7300.376,600,220
32,7290.023,614.878,220
32,7266.883,649.246,220
32,7241.705,690.041,220
32,7223.101,726.26,220
32,7211.132,755.158,220
32,7203.719,776.054,220
32,7199.364,787.52,220
32,7193.316,802.471,220
32,7184.582,823.18,220
32,7179.038,837.771,220
32,7169.847,869.652,220
32,7164.639,908.333,220
32,7163.082,931.173,220
32,7163.616,968.827,220
32,7163.013,1008.333,220
32,7161.459,1031.173,220
32,7154.832,1068.827,220
32,7144.767,1108.333,220
32,7138.636,1130.498,220
32,7128.598,1163.429,220
32,7118.915,1190.116,220
32,7112.585,1205.952,220
32,7103.092,1221.695,220
32,7089.193,1240.826,220
32,7068.345,1268.452,220
32,7039.034,1307.137,220
32,7000,1358.811,220
32,7000,1977.758,220
32,7084.877,1961.773,220
32,7145.679,1954.394,220
32,7191.667,1950.145,220
32,7230.446,1944.561,220
32,7263.01,1937.21,220
32,7288.702,1928.669,220
32,7305.319,1919.304,220
32,7323.939,1903.957,220
32,7342.986,1879.931,220
32,7354.171,1864.49,220
32,7372.412,1837.55,220
32,7386.828,1815.389,220
32,7393.683,1804.604,220
32,7401.944,1790.711,220
32,7412.124,1772.019,220
32,7419.281,1758.612,220
32,7435.156,1728.37,220
32,7454.401,1690.815,220
32,7465.272,1669.359,220
32,7480.643,1638.41,220
32,7491.453,1616.253,220
32,7496.669,1605.873,220
32,7504.352,1592.609,220
32,7516.818,1574.034,220
32,7525.727,1561.252,220
32,7544.561,1535.575,220
32,7564.455,1511.425,220
32,7575.739,1499.368,220
32,7594.595,1485.018,220
32,7619.606,1471.602,220
32,7635.992,1463.462,220
32,7667.926,1448.351,220
32,7703.178,1432.459,220
32,7722.673,1423.861,220
32,7750.091,1412.24,220
32,7771.305,1403.671,220
32,7784.15,1398.749,220
32,7799.153,1394.329,220
32,7821.563,1389.26,220
32,7858.241,1381.161,220
32,7915.613,1365.122,220
32,8000,1335.599,220
33,7236.528,600,222
33,7209.834,663.822,222
33,7196.47,694.656,222
33,7186.929,713.495,222
33,7173.751,737.332,222
33,7157.674,767.166,222
33,7141.484,800,222
33,7128.962,830.44,222
33,7116.598,862.961,222
33,7108.316,888.536,222
33,7104.482,901.161,222
33,7099.701,917.914,222
33,7094.011,937.139,222
33,7090.595,949.211,222
33,7085.572,970.982,222
33,7084.646,990.156,222
33,7085.823,999.988,222
33,7092.604,1014.046,222
33,7103.28,1032.827,222
33,7109.378,1045.952,222
33,7117.121,1074.681,222
33,7119.636,1110.57,222
33,7119.415,1131.335,222
33,7115.103,1162.296,222
33,7109.188,1185.871,222
33,7104.891,1199.715,222
33,7097.692,1212.366,222
33,7084,1230.921,222
33,7061.04,1261.106,222
33,7031.633,1299.781,222
33,7000,1341.59,222
33,7000,1992.296,222
33,7084.877,1976.146,222
33,7145.679,1968.628,222
33,7191.667,1964.399,222
33,7230.55,1958.983,222
33,7263.847,1951.354,222
33,7291.526,1941.35,222
33,7311.573,1929.057,222
33,7333.487,1911.222,222
33,7353.675,1887.317,222
33,7364.76,1872.73,222
33,7381.202,1848.602,222
33,7394.231,1827.847,222
33,7400.764,1817.011,222
33,7409.923,1800.558,222
33,7421.332,1778.194,222
33,7428.937,1763.007,222
33,7444.39,1731.763,222
33,7461.852,1696.186,222
33,7471.559,1676.392,222
33,7485.267,1648.511,222
33,7495.891,1627.211,222
33,7501.561,1616.412,222
33,7511.473,1600.158,222
33,7527.041,1578.013,222
33,7537.523,1563.596,222
33,7557.526,1537.114,222
33,7575.944,1514.277,222
33,7585.716,1503.364,222
33,7600.856,1491.406,222
33,7622.404,1480.017,222
33,7637.427,1472.672,222
33,7669.609,1457.544,222
33,7708.333,1440.207,222
33,7730.36,1430.591,222
33,7762.324,1417.318,222
33,7786.385,1408.038,222
33,7800.47,1402.943,222
33,7813.495,1399.997,222
33,7832.12,1397.293,222
33,7864.081,1392.119,222
33,7917.361,1379.098,222
33,8000,1352.189,222
34,7116.737,600,224
34,7126.767,679.253,224
34,7114.552,721.676,224
34,7097.041,745.836,224
34,7073.418,787.538,224
34,7043.93,860.88,224
34,7017.663,970.523,224
34,7020.512,996.302,224
34,7072.127,1055.746,224
34,7101.526,1080.906,224
34,7107.722,1101.552,224
34,7107.148,1122.061,224
34,7103.868,1142.121,224
34,7098.853,1160.249,224
34,7092.509,1176.109,224
34,7082.983,1193.965,224
34,7067.856,1219.229,224
34,7046.019,1254.748,224
34,7021.591,1293.118,224
34,7000,1324.37,224
34,7000,2010.537,224
34,7031.643,2000.943,224
34,7065.115,1993.324,224
34,7099.252,1987.813,224
34,7133.112,1984.287,224
34,7166.639,1981.61,224
34,7200,1978.39,224
34,7230.859,1973.218,224
34,7266.316,1963.999,224
34,7299.859,1948.97,224
34,7317.797,1938.883,224
34,7342.797,1919.063,224
34,7363.56,1896.648,224
34,7374.211,1883.778,224
34,7388.552,1863.548,224
34,7400.857,1843.563,224
34,7407.692,1831.813,224
34,7419.135,1810.453,224
34,7432.565,1782.685,224
34,7440.763,1765.182,224
34,7455.166,1733.449,224
34,7469.898,1701.034,224
34,7477.977,1683.514,224
34,7489.687,1659.165,224
34,7500.194,1638.523,224
34,7506.414,1627.075,224
34,7518.71,1607.353,224
34,7537.3,1581.492,224
34,7549.252,1565.485,224
34,7570.196,1538.546,224
34,7587.205,1517.245,224
34,7595.606,1507.507,224
34,7607.462,1497.734,224
34,7625.834,1488.162,224
34,7639.366,1481.663,224
34,7670.278,1467.42,224
34,7708.572,1451.028,224
34,7731.279,1441.928,224
34,7768.84,1429.143,224
34,7808.333,1418.945,224
34,7832.792,1413.105,224
34,7862.333,1408.204,224
34,7885.374,1404.714,224
34,7902.998,1401.011,224
34,7933.623,1391.31,224
34,8000,1368.78,224
35,7000,2032.952,226
35,7068.095,2009.582,226
35,7098.579,2000.527,226
35,7115.386,1998.518,226
35,7137.892,1997.413,226
35,7167.237,1995.6,226
35,7200,1992.596,226
35,7231.016,1987.593,226
35,7267.572,1977.759,226
35,7304.096,1960.353,226
35,7324.021,1948.708,226
35,7352.107,1926.904,226
35,7373.445,1905.978,226
35,7383.662,1894.827,226
35,7395.903,1878.494,226
35,7407.484,1859.28,226
35,7414.62,1846.614,226
35,7428.347,1820.349,226
35,7443.799,1787.175,226
35,7452.588,1767.357,226
35,7465.943,1735.135,226
35,7477.945,1705.882,226
35,7484.396,1690.637,226
35,7494.106,1669.818,226
35,7504.497,1649.835,226
35,7511.122,1637.855,226
35,7524.793,1615.49,226
35,7543.667,1588.148,226
35,7555.431,1571.951,226
35,7575.668,1546.248,226
35,7593.962,1525.232,226
35,7603.668,1515.119,226
35,7618.414,1503.475,226
35,7637.356,1492.85,226
35,7650.217,1486.345,226
35,7677.533,1473.904,226
35,7711.864,1460.255,226
35,7732.742,1452.717,226
35,7769.023,1442.158,226
35,7808.333,1434.171,226
35,7833.243,1429.501,226
35,7865.948,1425.015,226
35,7897.574,1419.224,226
35,7928.302,1410.535,226
35,7961.187,1399.067,226
35,8000,1385.37,226
35,7000,600,226
35,7016.586,637.23,226
35,7022.299,663.641,226
35,7023.784,694.183,226
35,7014.305,731.704,226
35,7000,759.025,226
35,7000,1100.347,226
35,7020.601,1112.625,226
35,7036.564,1148.231,226
35,7039.02,1199.797,226
35,7018.146,1243.997,226
35,7000,1275.92,226
36,7000,2055.366,228
36,7084.6,2031.333,228
36,7143.469,2019.184,228
36,7184.208,2013.191,228
36,7213.672,2008.584,228
36,7235.729,2004.425,228
36,7253.499,2000.734,228
36,7268.932,1997.013,228
36,7290.044,1988.235,228
36,7317.54,1970.25,228
36,7334.338,1957.872,228
36,7361.929,1934.663,228
36,7383.331,1915.308,228
36,7393.113,1905.876,228
36,7403.253,1893.439,228
36,7414.11,1874.996,228
36,7421.549,1861.416,228
36,7437.559,1830.244,228
36,7455.032,1791.666,228
36,7464.413,1769.533,228
36,7476.719,1736.821,228
36,7485.991,1710.73,228
36,7490.814,1697.759,228
36,7498.526,1680.472,228
36,7508.8,1661.147,228
36,7515.83,1648.636,228
36,7530.876,1623.626,228
36,7550.033,1594.803,228
36,7561.609,1578.416,228
36,7581.139,1553.95,228
36,7600.719,1533.22,228
36,7611.731,1522.731,228
36,7629.367,1509.217,228
36,7648.878,1497.537,228
36,7661.068,1491.026,228
36,7684.787,1480.387,228
36,7715.155,1469.483,228
36,7735.663,1462.796,228
36,7769.388,1455.084,228
36,7808.333,1449.396,228
36,7854.321,1444.722,228
36,7915.123,1432.55,228
36,7978.612,1410.064,228
36,8000,1402.489,228
37,7000,2077.781,230
37,7084.877,2055.032,230
37,7145.679,2041.508,230
37,7191.667,2032.902,230
37,7230.366,2025.641,230
37,7262.37,2019.084,230
37,7286.542,2013.325,230
37,7300.589,2008.34,230
37,7317.058,1999.761,230
37,7336.23,1985.33,230
37,7348.496,1975.474,230
37,7371.54,1956.074,230
37,7393.71,1936.106,230
37,7405.214,1924.79,230
37,7420.313,1905.758,230
37,7434.639,1880.554,230
37,7442.975,1863.888,230
37,7457.145,1830.555,230
37,7471.045,1791.667,230
37,7478.362,1769.713,230
37,7487.761,1738.258,230
37,7494.037,1715.578,230
37,7497.232,1704.881,230
37,7502.945,1691.125,230
37,7513.103,1672.459,230
37,7520.538,1659.416,230
37,7536.959,1631.763,230
37,7556.399,1601.458,230
37,7567.788,1584.882,230
37,7586.611,1561.652,230
37,7607.476,1541.207,230
37,7619.794,1530.342,230
37,7640.319,1514.959,230
37,7660.399,1502.224,230
37,7671.919,1495.708,230
37,7692.042,1486.871,230
37,7718.447,1478.71,230
37,7736.639,1473.822,230
37,7769.51,1468.129,230
37,7808.333,1464.622,230
37,7854.321,1462.447,230
37,7915.123,1452.488,230
37,8000,1423.562,230
38,7000.863,2100,232
38,7085.132,2078.755,232
38,7145.711,2064.474,232
38,7191.667,2054.805,232
38,7230.615,2047.52,232
38,7264.364,2040.893,232
38,7293.27,2033.327,232
38,7315.416,2023.902,232
38,7339.236,2011.646,232
38,7359.779,1997.854,232
38,7370.94,1989.579,232
38,7388.492,1974.619,232
38,7407.609,1955.551,232
38,7418.879,1943.102,232
38,7437.57,1918.001,232
38,7455.172,1886.11,232
38,7464.338,1866.795,232
38,7476.192,1834.367,232
38,7485.227,1803.49,232
38,7489.722,1787.123,232
38,7495.579,1764.562,232
38,7500.511,1744.254,232
38,7503.595,1732.463,232
38,7510.611,1710.888,232
38,7522.489,1682.882,232
38,7530.641,1665.439,232
38,7546.944,1634.815,232
38,7564.566,1605.607,232
38,7574.767,1590.233,232
38,7592.182,1569.215,232
38,7614.232,1549.194,232
38,7627.857,1537.954,232
38,7651.271,1520.7,232
38,7671.921,1506.911,232
38,7682.77,1500.39,232
38,7699.296,1493.354,232
38,7721.739,1487.938,232
38,7737.614,1484.849,232
38,7769.632,1481.174,232
38,7808.333,1479.847,232
38,7854.321,1480.172,232
38,7915.123,1472.427,232
38,8000,1444.634,232
39,7099.975,2100,234
39,7114.499,2095.895,234
39,7149.382,2086.618,234
39,7191.667,2076.708,234
39,7230.864,2069.398,234
39,7266.358,2062.702,234
39,7299.998,2053.33,234
39,7330.243,2039.465,234
39,7361.414,2023.531,234
39,7383.327,2010.378,234
39,7393.384,2003.684,234
39,7405.443,1993.165,234
39,7421.507,1974.995,234
39,7432.525,1961.617,234
39,7454.674,1931.86,234
39,7475.188,1897.121,234
39,7484.943,1877.767,234
39,7494.12,1850.569,234
39,7498.263,1829.396,234
39,7500.063,1818.47,234
39,7503.002,1801.533,234
39,7507.565,1778.637,234
39,7511.087,1763.036,234
39,7520.066,1730.449,234
39,7533.741,1691.667,234
39,7542.481,1669.47,234
39,7558.08,1636.318,234
39,7573.255,1609.03,234
39,7581.976,1595.265,234
39,7597.769,1576.757,234
39,7620.942,1557.249,234
39,7635.862,1545.664,234
39,7662.207,1526.585,234
39,7683.627,1511.734,234
39,7693.95,1505.187,234
39,7707.127,1499.887,234
39,7725.686,1497.157,234
39,7738.946,1495.777,234
39,7767.944,1493.656,234
39,7800.967,1493.261,234
39,7819.223,1493.74,234
39,7844.812,1496.453,234
39,7865.687,1500.424,234
39,7877.858,1502.881,234
39,7889.479,1505.092,234
39,7899.346,1505.482,234
39,7911.311,1502.443,234
39,7939.357,1491.086,234
39,8000,1465.707,234
40,7166.661,2100,236
40,7204.628,2092.638,236
40,7248.148,2088.348,236
40,7291.667,2084.68,236
40,7330.46,2079.408,236
40,7363.122,2071.215,236
40,7389.078,2059.012,236
40,7406.178,2042.369,236
40,7425.418,2019.46,236
40,7445.107,1991.425,236
40,7456.688,1975.091,236
40,7475.779,1949.95,236
40,7491.689,1929.067,236
40,7499.165,1918.16,236
40,7506.595,1901.326,236
40,7511.031,1878.543,236
40,7513.351,1862.994,236
40,7517.553,1830.444,236
40,7522.933,1791.667,236
40,7526.634,1768.827,236
40,7535.015,1731.173,236
40,7547.498,1691.667,236
40,7555.435,1669.597,236
40,7569.356,1637.332,236
40,7581.945,1612.453,236
40,7589.004,1600.559,236
40,7601.906,1586.398,236
40,7622.761,1572.387,236
40,7637.585,1563.756,236
40,7669.629,1547.849,236
40,7708.333,1532.468,236
40,7731.173,1524.957,236
40,7768.827,1517.966,236
40,7808.333,1518.07,236
40,7833.348,1518.903,236
40,7866.781,1522.865,236
40,7900.387,1522.485,236
40,7934.136,1514.289,236
40,7967.541,1500.974,236
40,8000,1486.779,236
41,7429.149,2100,238
41,7461.658,2024.06,238
41,7482.795,1984.024,238
41,7497.37,1961.567,238
41,7509.337,1941.229,238
41,7519.229,1919.011,238
41,7526.724,1893.781,238
41,7531.05,1866.063,238
41,7535.615,1830.827,238
41,7539.954,1791.667,238
41,7542.915,1768.827,238
41,7550.056,1731.173,238
41,7561.255,1691.667,238
41,7568.388,1669.724,238
41,7580.632,1638.346,238
41,7590.634,1615.876,238
41,7596.032,1605.853,238
41,7606.043,1596.039,238
41,7624.58,1587.524,238
41,7638.394,1582.108,238
41,7669.73,1571.196,238
41,7708.333,1560.225,238
41,7733.642,1553.88,238
41,7769.136,1549.807,238
41,7808.333,1550.135,238
41,7854.321,1553.082,238
41,7915.123,1546.311,238
41,8000,1514.846,238
42,7487.448,2100,240
42,7497.058,2046.839,240
42,7503.435,2015.131,240
42,7510.555,1991.224,240
42,7521.194,1964.066,240
42,7533.338,1933.008,240
42,7543.773,1900,240
42,7549.007,1868.827,240
42,7553.71,1831.173,240
42,7556.975,1791.667,240
42,7559.119,1769.052,240
42,7564.474,1732.971,240
42,7572.913,1697.735,240
42,7578.826,1678.669,240
42,7591.831,1651.916,240
42,7609.732,1630.827,240
42,7620.935,1620.614,240
42,7640.733,1608.809,240
42,7660.714,1600.563,240
42,7672.216,1596.472,240
42,7692.24,1590.898,240
42,7718.537,1586.227,240
42,7736.665,1583.622,240
42,7769.514,1581.75,240
42,7808.333,1582.199,240
42,7854.321,1583.93,240
42,7915.123,1578.282,240
42,8000,1554.688,240
43,7561.08,2100,242
43,7549.78,2015.123,242
43,7554.03,1954.321,242
43,7563.328,1908.333,242
43,7569.274,1869.136,242
43,7571.884,1833.642,242
43,7573.281,1800,242
43,7575.299,1769.344,242
43,7578.707,1735.309,242
43,7583.942,1705.625,242
43,7588.13,1690.62,242
43,7599.983,1672.139,242
43,7621.749,1658.974,242
43,7637.135,1652.695,242
43,7669.572,1645.294,242
43,7708.333,1640.338,242
43,7731.173,1638.086,242
43,7768.827,1635.807,242
43,7808.333,1635.061,242
43,7833.483,1634.489,242
43,7867.86,1632.715,242
43,7904.029,1626.948,242
43,7941.689,1615.937,242
43,7975.769,1603.455,242
43,8000,1594.53,242
44,7706.298,2100,244
44,7687.814,2092.551,244
44,7654.482,2077.911,244
44,7620.588,2059.422,244
44,7597.553,2039.651,244
44,7585.328,2018.067,244
44,7580.997,1993.364,244
44,7582.372,1965.878,244
44,7585.018,1930.804,244
44,7588.172,1891.667,244
44,7589.594,1868.827,244
44,7590.482,1831.173,244
44,7591.016,1791.667,244
44,7591.479,1769.636,244
44,7592.939,1737.646,244
44,7594.97,1713.515,244
44,7596.77,1702.777,244
44,7602.824,1694,244
44,7615.84,1692.646,244
44,7625.148,1693.217,244
44,7644.204,1696.513,244
44,7664.125,1701.756,244
44,7675.428,1704.86,244
44,7694.387,1709.376,244
44,7719.512,1712.43,244
44,7735.836,1713.515,244
44,7767.005,1713.203,244
44,7800.086,1710.573,244
44,7820.6,1708.565,244
44,7843.605,1704.605,244
44,7864.09,1700.36,244
44,7885.733,1695.745,244
44,7924.634,1688.232,244
44,8000,1674.684,244
45,7814.652,2100,246
45,7789.966,2080.939,246
45,7752.21,2063.429,246
45,7711.876,2046.944,246
45,7677.742,2030.687,246
45,7651.713,2012.769,246
45,7633.976,1991.033,246
45,7626.776,1964.842,246
45,7625.277,1930.675,246
45,7635.451,1891.667,246
45,7643.586,1869.698,246
45,7660.503,1838.143,246
45,7676.964,1815.192,246
45,7685.959,1804.893,246
45,7700.669,1794.903,246
45,7722.284,1787.169,246
45,7737.244,1782.965,246
45,7768.569,1777.201,246
45,7804.845,1777.11,246
45,7825.122,1778.999,246
45,7853.754,1786.696,246
45,7875.194,1795.577,246
45,7887.588,1800.842,246
45,7898.509,1803.802,246
45,7912.168,1804.283,246
45,7933.075,1802.48,246
45,7962.288,1797.611,246
45,8000,1788.649,246
46,7887.368,2100,248
46,7870.556,2063.26,248
46,7837.111,2028.418,248
46,7809.168,1999.922,248
46,7788.574,1993.885,248
46,7763.591,1992.416,248
46,7735.388,1988.556,248
46,7708.363,1978.082,248
46,7689.109,1957.994,248
46,7673.555,1930.811,248
46,7670.938,1899.921,248
46,7673.555,1882.942,248
46,7689.109,1859.503,248
46,7716.696,1840.7,248
46,7736.12,1830.449,248
46,7769.446,1824.79,248
46,7808.333,1828.655,248
46,7854.321,1842.42,248
46,7915.123,1857.073,248
46,8000,1861.255,248
47,7713.588,1876.902,250
47,7737.176,1869.934,250
47,7765.702,1865.57,250
47,7795.047,1866.19,250
47,7834.18,1870.53,250
47,7872.241,1892.374,250
47,7886.826,1914.867,250
47,7933.006,1935.519,250
47,7972.763,1942.449,250
47,8000,1940.719,250
47,8000,2100,250
47,7963.251,2047.105,250
47,7911.555,1996.661,250
47,7869.683,1959.105,250
47,7817.203,1938.542,250
47,7781.66,1928.957,250
47,7755.072,1928.368,250
47,7737.176,1936.955,250
47,7713.588,1930.911,250
47,7698.098,1922.184,250
47,7690.014,1912.078,250
47,7687.687,1901.924,250
47,7690.014,1892.771,250
47,7698.098,1884.548,250
47,7713.588,1876.902,250
